id,order,nameEn,nameJa,imageFile,imageUrl,elements,rarity,rarityTier,breedingRank
"aegidron","1","Aegidron","シェルガドラ","T_DomeArmorDragon_icon_normal.png","https://palworld.gg/_ipx/q_80&s_60x60/images/full_palicon/T_DomeArmorDragon_icon_normal.png","dragon|ground","0","epic","30"
"amione","2","Amione","リオリネ","T_ClioneTwins_icon_normal.png","https://palworld.gg/_ipx/q_80&s_60x60/images/full_palicon/T_ClioneTwins_icon_normal.png","water","0","common","2520"
"anubis","3","Anubis","アヌビス","T_Anubis_icon_normal.png","https://palworld.gg/_ipx/q_80&s_60x60/images/full_palicon/T_Anubis_icon_normal.png","ground","0","epic","480"
"arsox","4","Arsox","ブルフェルノ","T_FlameBuffalo_icon_normal.png","https://palworld.gg/_ipx/q_80&s_60x60/images/full_palicon/T_FlameBuffalo_icon_normal.png","fire","0","common","2320"
"astegon","5","Astegon","ジオラーヴァ","T_BlackMetalDragon_icon_normal.png","https://palworld.gg/_ipx/q_80&s_60x60/images/full_palicon/T_BlackMetalDragon_icon_normal.png","dragon|dark","0","epic","490"
"azurmane","6","Azurmane","オーマサンダ","T_BlueThunderHorse_icon_normal.png","https://palworld.gg/_ipx/q_80&s_60x60/images/full_palicon/T_BlueThunderHorse_icon_normal.png","electric","0","rare","420"
"azurobe","7","Azurobe","アズレーン","T_BlueDragon_icon_normal.png","https://palworld.gg/_ipx/q_80&s_60x60/images/full_palicon/T_BlueDragon_icon_normal.png","water|dragon","0","rare","1830"
"azurobe-cryst","8","Azurobe Cryst","アズルーナ","T_BlueDragon_Ice_icon_normal.png","https://palworld.gg/_ipx/q_80&s_60x60/images/full_palicon/T_BlueDragon_Ice_icon_normal.png","ice|dragon","0","epic","1220"
"bakemi","9","Bakemi","ウラミィ","T_OniGhostGirl_icon_normal.png","https://palworld.gg/_ipx/q_80&s_60x60/images/full_palicon/T_OniGhostGirl_icon_normal.png","dark","0","common","1540"
"bastigor","10","Bastigor","ヒョウガオー","T_SnowTigerBeastman_icon_normal.png","https://palworld.gg/_ipx/q_80&s_60x60/images/full_palicon/T_SnowTigerBeastman_icon_normal.png","ice","0","epic","50"
"beakon","11","Beakon","ライバード","T_ThunderBird_icon_normal.png","https://palworld.gg/_ipx/q_80&s_60x60/images/full_palicon/T_ThunderBird_icon_normal.png","electric","0","rare","1690"
"beakon-cryst","12","Beakon Cryst","チルバード","T_ThunderBird_Ice_icon_normal.png","https://palworld.gg/_ipx/q_80&s_60x60/images/full_palicon/T_ThunderBird_Ice_icon_normal.png","ice","0","rare","580"
"beegarde","13","Beegarde","ビーナイト","T_SoldierBee_icon_normal.png","https://palworld.gg/_ipx/q_80&s_60x60/images/full_palicon/T_SoldierBee_icon_normal.png","grass","0","common","2350"
"bellanoir","14","Bellanoir","ベラノワール","T_NightLady_icon_normal.png","https://palworld.gg/_ipx/q_80&s_60x60/images/full_palicon/T_NightLady_icon_normal.png","dark","0","legendary","620"
"bellanoir-libero","15","Bellanoir Libero","ベラルージュ","T_NightLady_Dark_icon_normal.png","https://palworld.gg/_ipx/q_80&s_60x60/images/full_palicon/T_NightLady_Dark_icon_normal.png","dark","0","legendary","130"
"blazamut","16","Blazamut","ボルカイザー","T_KingBahamut_icon_normal.png","https://palworld.gg/_ipx/q_80&s_60x60/images/full_palicon/T_KingBahamut_icon_normal.png","fire","0","epic","410"
"blazamut-ryu","17","Blazamut Ryu","ボルドラゴ","T_KingBahamut_Dragon_icon_normal.png","https://palworld.gg/_ipx/q_80&s_60x60/images/full_palicon/T_KingBahamut_Dragon_icon_normal.png","dragon|fire","0","epic","100"
"blazehowl","18","Blazehowl","ゴクエンオ","T_Manticore_icon_normal.png","https://palworld.gg/_ipx/q_80&s_60x60/images/full_palicon/T_Manticore_icon_normal.png","fire","0","rare","1360"
"blazehowl-noct","19","Blazehowl Noct","シンエンオ","T_Manticore_Dark_icon_normal.png","https://palworld.gg/_ipx/q_80&s_60x60/images/full_palicon/T_Manticore_Dark_icon_normal.png","fire|dark","0","epic","1270"
"blue-slime","20","Blue Slime","ブルースライム","T_YakushimaMonster001_Blue_icon_normal.png","https://palworld.gg/_ipx/q_80&s_60x60/images/full_palicon/T_YakushimaMonster001_Blue_icon_normal.png","water","0","common","3100"
"braloha","21","Braloha","トコナッツ","T_Plesiosaur_icon_normal.png","https://palworld.gg/_ipx/q_80&s_60x60/images/full_palicon/T_Plesiosaur_icon_normal.png","grass|ground","0","epic","1030"
"bristla","22","Bristla","イバラヒメ","T_LittleBriarRose_icon_normal.png","https://palworld.gg/_ipx/q_80&s_60x60/images/full_palicon/T_LittleBriarRose_icon_normal.png","grass","0","common","2690"
"broncherry","23","Broncherry","ラブラドン","T_SakuraSaurus_icon_normal.png","https://palworld.gg/_ipx/q_80&s_60x60/images/full_palicon/T_SakuraSaurus_icon_normal.png","grass","0","epic","1380"
"broncherry-aqua","24","Broncherry Aqua","スプラドン","T_SakuraSaurus_Water_icon_normal.png","https://palworld.gg/_ipx/q_80&s_60x60/images/full_palicon/T_SakuraSaurus_Water_icon_normal.png","grass|water","0","epic","1080"
"bulldosu","25","Bulldosu","ドスコイヌ","T_SumoDog_icon_normal.png","https://palworld.gg/_ipx/q_80&s_60x60/images/full_palicon/T_SumoDog_icon_normal.png","ground","0","common","1190"
"bushi","26","Bushi","ツジギリ","T_Ronin_icon_normal.png","https://palworld.gg/_ipx/q_80&s_60x60/images/full_palicon/T_Ronin_icon_normal.png","fire","0","rare","1560"
"bushi-noct","27","Bushi Noct","ヤミウチ","T_Ronin_Dark_icon_normal.png","https://palworld.gg/_ipx/q_80&s_60x60/images/full_palicon/T_Ronin_Dark_icon_normal.png","fire|dark","0","rare","840"
"caprity","28","Caprity","ベリゴート","T_BerryGoat_icon_normal.png","https://palworld.gg/_ipx/q_80&s_60x60/images/full_palicon/T_BerryGoat_icon_normal.png","grass","0","common","2610"
"caprity-noct","29","Caprity Noct","ベノゴート","T_BerryGoat_Dark_icon_normal.png","https://palworld.gg/_ipx/q_80&s_60x60/images/full_palicon/T_BerryGoat_Dark_icon_normal.png","dark","0","common","1940"
"carnibora","30","Carnibora","カプリリス","T_VenusFlytrap_icon_normal.png","https://palworld.gg/_ipx/q_80&s_60x60/images/full_palicon/T_VenusFlytrap_icon_normal.png","grass","0","rare","1700"
"cattiva","31","Cattiva","ツッパニャン","T_PinkCat_icon_normal.png","https://palworld.gg/_ipx/q_80&s_60x60/images/full_palicon/T_PinkCat_icon_normal.png","neutral","0","common","2760"
"cave-bat","32","Cave Bat","どうくつコウモリ","T_YakushimaMonster003_icon_normal.png","https://palworld.gg/_ipx/q_80&s_60x60/images/full_palicon/T_YakushimaMonster003_icon_normal.png","neutral","0","common","3100"
"cawgnito","33","Cawgnito","マスクロウ","T_DarkCrow_icon_normal.png","https://palworld.gg/_ipx/q_80&s_60x60/images/full_palicon/T_DarkCrow_icon_normal.png","dark","0","common","2370"
"celaray","34","Celaray","ルミカイト","T_FlyingManta_icon_normal.png","https://palworld.gg/_ipx/q_80&s_60x60/images/full_palicon/T_FlyingManta_icon_normal.png","water","0","common","2740"
"celaray-lux","35","Celaray Lux","エレカイト","T_FlyingManta_Thunder_icon_normal.png","https://palworld.gg/_ipx/q_80&s_60x60/images/full_palicon/T_FlyingManta_Thunder_icon_normal.png","water|electric","0","common","2380"
"celesdir","36","Celesdir","セレスディア","T_WhiteDeer_icon_normal.png","https://palworld.gg/_ipx/q_80&s_60x60/images/full_palicon/T_WhiteDeer_icon_normal.png","neutral","0","rare","570"
"celesdir-noct","37","Celesdir Noct","コスモディア","T_WhiteDeer_Dark_icon_normal.png","https://palworld.gg/_ipx/q_80&s_60x60/images/full_palicon/T_WhiteDeer_Dark_icon_normal.png","dark","0","rare","270"
"chikipi","38","Chikipi","タマコッコ","T_ChickenPal_icon_normal.png","https://palworld.gg/_ipx/q_80&s_60x60/images/full_palicon/T_ChickenPal_icon_normal.png","neutral","0","common","3080"
"chillet","39","Chillet","オコチョ","T_WeaselDragon_icon_normal.png","https://palworld.gg/_ipx/q_80&s_60x60/images/full_palicon/T_WeaselDragon_icon_normal.png","ice|dragon","0","common","2330"
"chillet-ignis","40","Chillet Ignis","モモチョ","T_WeaselDragon_Fire_icon_normal.png","https://palworld.gg/_ipx/q_80&s_60x60/images/full_palicon/T_WeaselDragon_Fire_icon_normal.png","fire|dragon","0","rare","1950"
"cinnamoth","41","Cinnamoth","パピテフ","T_CuteButterfly_icon_normal.png","https://palworld.gg/_ipx/q_80&s_60x60/images/full_palicon/T_CuteButterfly_icon_normal.png","grass","0","common","2620"
"clovee","42","Clovee","ポワワ","T_CloverFairy_icon_normal.png","https://palworld.gg/_ipx/q_80&s_60x60/images/full_palicon/T_CloverFairy_icon_normal.png","grass|neutral","0","common","2970"
"cremis","43","Cremis","ミルフィー","T_WoolFox_icon_normal.png","https://palworld.gg/_ipx/q_80&s_60x60/images/full_palicon/T_WoolFox_icon_normal.png","neutral","0","common","2890"
"croajiro","44","Croajiro","ブシガエル","T_KendoFrog_icon_normal.png","https://palworld.gg/_ipx/q_80&s_60x60/images/full_palicon/T_KendoFrog_icon_normal.png","water","0","common","2600"
"croajiro-noct","45","Croajiro Noct","ドスガエル","T_KendoFrog_Dark_icon_normal.png","https://palworld.gg/_ipx/q_80&s_60x60/images/full_palicon/T_KendoFrog_Dark_icon_normal.png","water|dark","0","rare","1860"
"cryolinx","46","Cryolinx","ツンドラー","T_WhiteTiger_icon_normal.png","https://palworld.gg/_ipx/q_80&s_60x60/images/full_palicon/T_WhiteTiger_icon_normal.png","ice","0","rare","1040"
"cryolinx-terra","47","Cryolinx Terra","グランドラー","T_WhiteTiger_Ground_icon_normal.png","https://palworld.gg/_ipx/q_80&s_60x60/images/full_palicon/T_WhiteTiger_Ground_icon_normal.png","ground","0","rare","470"
"daedream","48","Daedream","ネムラム","T_DreamDemon_icon_normal.png","https://palworld.gg/_ipx/q_80&s_60x60/images/full_palicon/T_DreamDemon_icon_normal.png","dark","0","common","2910"
"dandilord","49","Dandilord","ノクサージュ","T_FlowerPrince_icon_normal.png","https://palworld.gg/_ipx/q_80&s_60x60/images/full_palicon/T_FlowerPrince_icon_normal.png","grass|dark","0","epic","60"
"dazemu","50","Dazemu","トリステップ","T_FeatherOstrich_icon_normal.png","https://palworld.gg/_ipx/q_80&s_60x60/images/full_palicon/T_FeatherOstrich_icon_normal.png","ground","0","rare","2210"
"dazzi","51","Dazzi","カミナラシ","T_RaijinDaughter_icon_normal.png","https://palworld.gg/_ipx/q_80&s_60x60/images/full_palicon/T_RaijinDaughter_icon_normal.png","electric","0","common","2400"
"dazzi-noct","52","Dazzi Noct","ヤミナラシ","T_RaijinDaughter_Water_icon_normal.png","https://palworld.gg/_ipx/q_80&s_60x60/images/full_palicon/T_RaijinDaughter_Water_icon_normal.png","dark|electric","0","common","1910"
"demon-eye","53","Demon Eye","あくまのめだま","T_YakushimaBoss001_Small_icon_normal.png","https://palworld.gg/_ipx/q_80&s_60x60/images/full_palicon/T_YakushimaBoss001_Small_icon_normal.png","dark","0","common","3100"
"depresso","54","Depresso","ンダコアラ","T_NegativeKoala_icon_normal.png","https://palworld.gg/_ipx/q_80&s_60x60/images/full_palicon/T_NegativeKoala_icon_normal.png","dark","0","common","3000"
"digtoise","55","Digtoise","ドリタス","T_DrillGame_icon_normal.png","https://palworld.gg/_ipx/q_80&s_60x60/images/full_palicon/T_DrillGame_icon_normal.png","ground","0","rare","1550"
"dinossom","56","Dinossom","アロアリュー","T_FlowerDinosaur_icon_normal.png","https://palworld.gg/_ipx/q_80&s_60x60/images/full_palicon/T_FlowerDinosaur_icon_normal.png","grass|dragon","0","rare","2100"
"dinossom-lux","57","Dinossom Lux","ビリビリュー","T_FlowerDinosaur_Electric_icon_normal.png","https://palworld.gg/_ipx/q_80&s_60x60/images/full_palicon/T_FlowerDinosaur_Electric_icon_normal.png","electric|dragon","0","rare","1890"
"direhowl","58","Direhowl","ガウルフ","T_Garm_icon_normal.png","https://palworld.gg/_ipx/q_80&s_60x60/images/full_palicon/T_Garm_icon_normal.png","neutral","0","common","2680"
"dogen","59","Dogen","ワンフー","T_SifuDog_icon_normal.png","https://palworld.gg/_ipx/q_80&s_60x60/images/full_palicon/T_SifuDog_icon_normal.png","neutral","0","rare","1460"
"dualith","60","Dualith","ウゴクゾー","T_GrassGolem_icon_normal.png","https://palworld.gg/_ipx/q_80&s_60x60/images/full_palicon/T_GrassGolem_icon_normal.png","ground|grass","0","epic","510"
"dualith-noct","61","Dualith Noct","ノロウゾー","T_GrassGolem_Dark_icon_normal.png","https://palworld.gg/_ipx/q_80&s_60x60/images/full_palicon/T_GrassGolem_Dark_icon_normal.png","ground|dark","0","epic","250"
"dumud","62","Dumud","トドドドン","T_LazyCatfish_icon_normal.png","https://palworld.gg/_ipx/q_80&s_60x60/images/full_palicon/T_LazyCatfish_icon_normal.png","ground|water","0","common","2290"
"dumud-gild","63","Dumud Gild","ゴルドドン","T_LazyCatfish_Gold_icon_normal.png","https://palworld.gg/_ipx/q_80&s_60x60/images/full_palicon/T_LazyCatfish_Gold_icon_normal.png","ground|water","0","rare","1620"
"dupin","64","Dupin","ラピエール","T_ClownRabbit_icon_normal.png","https://palworld.gg/_ipx/q_80&s_60x60/images/full_palicon/T_ClownRabbit_icon_normal.png","fire","0","rare","520"
"dynamoff","65","Dynamoff","ダイナモフ","T_ThunderFluffyBird_icon_normal.png","https://palworld.gg/_ipx/q_80&s_60x60/images/full_palicon/T_ThunderFluffyBird_icon_normal.png","electric","0","rare","1400"
"eidrolon","66","Eidrolon","レイバーン","T_GhostDragon_icon_normal.png","https://palworld.gg/_ipx/q_80&s_60x60/images/full_palicon/T_GhostDragon_icon_normal.png","dragon|dark","0","rare","300"
"eidrolon-ignis","67","Eidrolon Ignis","ヘルバーン","T_GhostDragon_Fire_icon_normal.png","https://palworld.gg/_ipx/q_80&s_60x60/images/full_palicon/T_GhostDragon_Fire_icon_normal.png","dragon|fire","0","epic","140"
"eikthyrdeer","68","Eikthyrdeer","ツノガミ","T_Deer_icon_normal.png","https://palworld.gg/_ipx/q_80&s_60x60/images/full_palicon/T_Deer_icon_normal.png","neutral","0","rare","2710"
"eikthyrdeer-terra","69","Eikthyrdeer Terra","ヤマガミ","T_Deer_Ground_icon_normal.png","https://palworld.gg/_ipx/q_80&s_60x60/images/full_palicon/T_Deer_Ground_icon_normal.png","ground","0","rare","2580"
"elgrove","70","Elgrove","モリタロス","T_GrassMinotaur_icon_normal.png","https://palworld.gg/_ipx/q_80&s_60x60/images/full_palicon/T_GrassMinotaur_icon_normal.png","grass","0","rare","2020"
"elgrove-cryst","71","Elgrove Cryst","ユキタロス","T_GrassMinotaur_Ice_icon_normal.png","https://palworld.gg/_ipx/q_80&s_60x60/images/full_palicon/T_GrassMinotaur_Ice_icon_normal.png","ice","0","rare","440"
"elizabee","72","Elizabee","クインビーナ","T_QueenBee_icon_normal.png","https://palworld.gg/_ipx/q_80&s_60x60/images/full_palicon/T_QueenBee_icon_normal.png","grass","0","epic","1790"
"elphidran","73","Elphidran","シルフィア","T_FairyDragon_icon_normal.png","https://palworld.gg/_ipx/q_80&s_60x60/images/full_palicon/T_FairyDragon_icon_normal.png","dragon","0","rare","2280"
"elphidran-aqua","74","Elphidran Aqua","シルティア","T_FairyDragon_Water_icon_normal.png","https://palworld.gg/_ipx/q_80&s_60x60/images/full_palicon/T_FairyDragon_Water_icon_normal.png","dragon|water","0","epic","1640"
"enchanted-sword","75","Enchanted Sword","まほうのつるぎ","T_YakushimaMonster002_icon_normal.png","https://palworld.gg/_ipx/q_80&s_60x60/images/full_palicon/T_YakushimaMonster002_icon_normal.png","neutral","0","common","3100"
"eye-of-cthulhu","76","Eye of Cthulhu","クトゥルフのめだま","T_YakushimaBoss001_icon_normal.png","https://palworld.gg/_ipx/q_80&s_60x60/images/full_palicon/T_YakushimaBoss001_icon_normal.png","dark","0","rare","3100"
"faleris","77","Faleris","ホルス","T_Horus_icon_normal.png","https://palworld.gg/_ipx/q_80&s_60x60/images/full_palicon/T_Horus_icon_normal.png","fire","0","epic","500"
"faleris-aqua","78","Faleris Aqua","イシス","T_Horus_Water_icon_normal.png","https://palworld.gg/_ipx/q_80&s_60x60/images/full_palicon/T_Horus_Water_icon_normal.png","water","0","epic","450"
"felbat","79","Felbat","ヤミトバリ","T_CatVampire_icon_normal.png","https://palworld.gg/_ipx/q_80&s_60x60/images/full_palicon/T_CatVampire_icon_normal.png","dark","0","rare","1570"
"fenglope","80","Fenglope","ムラクモ","T_FengyunDeeper_icon_normal.png","https://palworld.gg/_ipx/q_80&s_60x60/images/full_palicon/T_FengyunDeeper_icon_normal.png","neutral","0","common","1960"
"fenglope-lux","81","Fenglope Lux","ムラサメ","T_FengyunDeeper_Electric_icon_normal.png","https://palworld.gg/_ipx/q_80&s_60x60/images/full_palicon/T_FengyunDeeper_Electric_icon_normal.png","electric","0","common","900"
"finsider","82","Finsider","ガブルミ","T_StuffedShark_icon_normal.png","https://palworld.gg/_ipx/q_80&s_60x60/images/full_palicon/T_StuffedShark_icon_normal.png","water","0","common","2450"
"finsider-ignis","83","Finsider Ignis","ヒグルミ","T_StuffedShark_Fire_icon_normal.png","https://palworld.gg/_ipx/q_80&s_60x60/images/full_palicon/T_StuffedShark_Fire_icon_normal.png","water|fire","0","common","2240"
"flambelle","84","Flambelle","ラヴィ","T_LavaGirl_icon_normal.png","https://palworld.gg/_ipx/q_80&s_60x60/images/full_palicon/T_LavaGirl_icon_normal.png","fire","0","common","2700"
"flaracle","85","Flaracle","センコ","T_FoxExorcist_icon_normal.png","https://palworld.gg/_ipx/q_80&s_60x60/images/full_palicon/T_FoxExorcist_icon_normal.png","fire","0","rare","390"
"flopie","86","Flopie","ポプリーナ","T_FlowerRabbit_icon_normal.png","https://palworld.gg/_ipx/q_80&s_60x60/images/full_palicon/T_FlowerRabbit_icon_normal.png","grass","0","common","2660"
"foxcicle","87","Foxcicle","フブキツネ","T_IceFox_icon_normal.png","https://palworld.gg/_ipx/q_80&s_60x60/images/full_palicon/T_IceFox_icon_normal.png","ice","0","rare","1970"
"foxparks","88","Foxparks","キツネビ","T_Kitsunebi_icon_normal.png","https://palworld.gg/_ipx/q_80&s_60x60/images/full_palicon/T_Kitsunebi_icon_normal.png","fire","0","common","2990"
"foxparks-cryst","89","Foxparks Cryst","ユキツネ","T_Kitsunebi_Ice_icon_normal.png","https://palworld.gg/_ipx/q_80&s_60x60/images/full_palicon/T_Kitsunebi_Ice_icon_normal.png","ice","0","common","2500"
"frostallion","90","Frostallion","グレイシャル","T_IceHorse_icon_normal.png","https://palworld.gg/_ipx/q_80&s_60x60/images/full_palicon/T_IceHorse_icon_normal.png","ice","0","legendary","150"
"frostallion-noct","91","Frostallion Noct","グレイシャドウ","T_IceHorse_Dark_icon_normal.png","https://palworld.gg/_ipx/q_80&s_60x60/images/full_palicon/T_IceHorse_Dark_icon_normal.png","dark","0","legendary","110"
"frostplume","92","Frostplume","クジャンナ","T_SnowPeafowl_icon_normal.png","https://palworld.gg/_ipx/q_80&s_60x60/images/full_palicon/T_SnowPeafowl_icon_normal.png","ice","0","common","860"
"fuack","93","Fuack","カモノスケ","T_BluePlatypus_icon_normal.png","https://palworld.gg/_ipx/q_80&s_60x60/images/full_palicon/T_BluePlatypus_icon_normal.png","water","0","common","2980"
"fuack-ignis","94","Fuack Ignis","モモノスケ","T_BluePlatypus_Fire_icon_normal.png","https://palworld.gg/_ipx/q_80&s_60x60/images/full_palicon/T_BluePlatypus_Fire_icon_normal.png","water|fire","0","common","2300"
"fuddler","95","Fuddler","モグルン","T_CuteMole_icon_normal.png","https://palworld.gg/_ipx/q_80&s_60x60/images/full_palicon/T_CuteMole_icon_normal.png","ground","0","common","2790"
"galeclaw","96","Galeclaw","エアムルグ","T_Eagle_icon_normal.png","https://palworld.gg/_ipx/q_80&s_60x60/images/full_palicon/T_Eagle_icon_normal.png","neutral","0","common","2570"
"ghangler","97","Ghangler","アンドーン","T_GhostAnglerfish_icon_normal.png","https://palworld.gg/_ipx/q_80&s_60x60/images/full_palicon/T_GhostAnglerfish_icon_normal.png","dark|water","0","rare","880"
"ghangler-ignis","98","Ghangler Ignis","メラドーン","T_GhostAnglerfish_Fire_icon_normal.png","https://palworld.gg/_ipx/q_80&s_60x60/images/full_palicon/T_GhostAnglerfish_Fire_icon_normal.png","fire|water","0","rare","720"
"gildane","99","Gildane","キンガゼル","T_GoldenHorse_icon_normal.png","https://palworld.gg/_ipx/q_80&s_60x60/images/full_palicon/T_GoldenHorse_icon_normal.png","ground","0","epic","730"
"gildra","100","Gildra","ヨミーラ","T_MummyPal_icon_normal.png","https://palworld.gg/_ipx/q_80&s_60x60/images/full_palicon/T_MummyPal_icon_normal.png","dark|ground","0","rare","1170"
"gloopie","101","Gloopie","ヒメンダコ","T_OctopusGirl_icon_normal.png","https://palworld.gg/_ipx/q_80&s_60x60/images/full_palicon/T_OctopusGirl_icon_normal.png","water|dark","0","rare","2530"
"gloopie-primo","102","Gloopie Primo","ユメンダコ","T_OctopusGirl_Neutral_icon_normal.png","https://palworld.gg/_ipx/q_80&s_60x60/images/full_palicon/T_OctopusGirl_Neutral_icon_normal.png","water|neutral","0","rare","1630"
"gobfin","103","Gobfin","シャーキッド","T_SharkKid_icon_normal.png","https://palworld.gg/_ipx/q_80&s_60x60/images/full_palicon/T_SharkKid_icon_normal.png","water","0","common","2550"
"gobfin-ignis","104","Gobfin Ignis","シャーマンダー","T_SharkKid_Fire_icon_normal.png","https://palworld.gg/_ipx/q_80&s_60x60/images/full_palicon/T_SharkKid_Fire_icon_normal.png","fire","0","common","2430"
"gorirat","105","Gorirat","ゴリレイジ","T_Gorilla_icon_normal.png","https://palworld.gg/_ipx/q_80&s_60x60/images/full_palicon/T_Gorilla_icon_normal.png","neutral","0","rare","2140"
"gorirat-terra","106","Gorirat Terra","ゴリガイア","T_Gorilla_Ground_icon_normal.png","https://palworld.gg/_ipx/q_80&s_60x60/images/full_palicon/T_Gorilla_Ground_icon_normal.png","ground","0","rare","1880"
"green-slime","107","Green Slime","グリーンスライム","T_YakushimaMonster001_icon_normal.png","https://palworld.gg/_ipx/q_80&s_60x60/images/full_palicon/T_YakushimaMonster001_icon_normal.png","grass","0","common","3100"
"grintale","108","Grintale","ニャンギマリ","T_NaughtyCat_icon_normal.png","https://palworld.gg/_ipx/q_80&s_60x60/images/full_palicon/T_NaughtyCat_icon_normal.png","neutral","0","rare","2120"
"grizzbolt","109","Grizzbolt","エレパンダ","T_ElecPanda_icon_normal.png","https://palworld.gg/_ipx/q_80&s_60x60/images/full_palicon/T_ElecPanda_icon_normal.png","electric","0","epic","1020"
"gumoss","110","Gumoss","ナエモチ","T_PlantSlime_icon_normal.png","https://palworld.gg/_ipx/q_80&s_60x60/images/full_palicon/T_PlantSlime_icon_normal.png","grass|ground","0","common","2950"
"hangyu","111","Hangyu","シメナワ","T_WindChimes_icon_normal.png","https://palworld.gg/_ipx/q_80&s_60x60/images/full_palicon/T_WindChimes_icon_normal.png","ground","0","common","2780"
"hangyu-cryst","112","Hangyu Cryst","オバケナワ","T_WindChimes_Ice_icon_normal.png","https://palworld.gg/_ipx/q_80&s_60x60/images/full_palicon/T_WindChimes_Ice_icon_normal.png","ice","0","common","2510"
"hartalis","113","Hartalis","レジェンディア","T_LegendDeer_icon_normal.png","https://palworld.gg/_ipx/q_80&s_60x60/images/full_palicon/T_LegendDeer_icon_normal.png","neutral","0","epic","90"
"helzephyr","114","Helzephyr","ヘルガルダ","T_HadesBird_icon_normal.png","https://palworld.gg/_ipx/q_80&s_60x60/images/full_palicon/T_HadesBird_icon_normal.png","dark","0","rare","1130"
"helzephyr-lux","115","Helzephyr Lux","ライガルダ","T_HadesBird_Electric_icon_normal.png","https://palworld.gg/_ipx/q_80&s_60x60/images/full_palicon/T_HadesBird_Electric_icon_normal.png","dark|electric","0","epic","960"
"herbil","116","Herbil","モモンパ","T_LeafMomonga_icon_normal.png","https://palworld.gg/_ipx/q_80&s_60x60/images/full_palicon/T_LeafMomonga_icon_normal.png","grass|neutral","0","common","2630"
"hoocrates","117","Hoocrates","ホウロック","T_WizardOwl_icon_normal.png","https://palworld.gg/_ipx/q_80&s_60x60/images/full_palicon/T_WizardOwl_icon_normal.png","dark","0","common","2940"
"hoodle","118","Hoodle","フードール","T_HoodGhost_icon_normal.png","https://palworld.gg/_ipx/q_80&s_60x60/images/full_palicon/T_HoodGhost_icon_normal.png","dark","0","common","1770"
"icelyn","119","Icelyn","チルウィッチ","T_IceWitch_icon_normal.png","https://palworld.gg/_ipx/q_80&s_60x60/images/full_palicon/T_IceWitch_icon_normal.png","ice","0","common","1260"
"illuminant-bat","120","Illuminant Bat","かがやくコウモリ","T_YakushimaMonster003_Purple_icon_normal.png","https://palworld.gg/_ipx/q_80&s_60x60/images/full_palicon/T_YakushimaMonster003_Purple_icon_normal.png","neutral","0","common","3100"
"illuminant-slime","121","Illuminant Slime","かがやくスライム","T_YakushimaMonster001_Pink_icon_normal.png","https://palworld.gg/_ipx/q_80&s_60x60/images/full_palicon/T_YakushimaMonster001_Pink_icon_normal.png","neutral","0","common","3100"
"incineram","122","Incineram","ヘルゴート","T_Baphomet_icon_normal.png","https://palworld.gg/_ipx/q_80&s_60x60/images/full_palicon/T_Baphomet_icon_normal.png","fire|dark","0","common","1470"
"incineram-noct","123","Incineram Noct","アビスゴート","T_Baphomet_Dark_icon_normal.png","https://palworld.gg/_ipx/q_80&s_60x60/images/full_palicon/T_Baphomet_Dark_icon_normal.png","dark","0","rare","1310"
"jelliette","124","Jelliette","クララン","T_JellyfishFairy_icon_normal.png","https://palworld.gg/_ipx/q_80&s_60x60/images/full_palicon/T_JellyfishFairy_icon_normal.png","water","0","common","2650"
"jellroy","125","Jellroy","ユララン","T_JellyfishGhost_icon_normal.png","https://palworld.gg/_ipx/q_80&s_60x60/images/full_palicon/T_JellyfishGhost_icon_normal.png","water|dark","0","common","2590"
"jetragon","126","Jetragon","ジェッドラン","T_JetDragon_icon_normal.png","https://palworld.gg/_ipx/q_80&s_60x60/images/full_palicon/T_JetDragon_icon_normal.png","dragon","0","legendary","70"
"jolthog","127","Jolthog","パチグリ","T_Hedgehog_icon_normal.png","https://palworld.gg/_ipx/q_80&s_60x60/images/full_palicon/T_Hedgehog_icon_normal.png","electric","0","common","3030"
"jolthog-cryst","128","Jolthog Cryst","コチグリ","T_Hedgehog_Ice_icon_normal.png","https://palworld.gg/_ipx/q_80&s_60x60/images/full_palicon/T_Hedgehog_Ice_icon_normal.png","ice","0","common","2850"
"jormuntide","129","Jormuntide","レヴィドラ","T_Umihebi_icon_normal.png","https://palworld.gg/_ipx/q_80&s_60x60/images/full_palicon/T_Umihebi_icon_normal.png","dragon|water","0","epic","590"
"jormuntide-ignis","130","Jormuntide Ignis","アグニドラ","T_Umihebi_Fire_icon_normal.png","https://palworld.gg/_ipx/q_80&s_60x60/images/full_palicon/T_Umihebi_Fire_icon_normal.png","dragon|fire","0","epic","170"
"katress","131","Katress","クレメーオ","T_CatMage_icon_normal.png","https://palworld.gg/_ipx/q_80&s_60x60/images/full_palicon/T_CatMage_icon_normal.png","dark","0","rare","2040"
"katress-ignis","132","Katress Ignis","クレメーナ","T_CatMage_Fire_icon_normal.png","https://palworld.gg/_ipx/q_80&s_60x60/images/full_palicon/T_CatMage_Fire_icon_normal.png","dark|fire","0","rare","1800"
"kelpsea","133","Kelpsea","ケルピス","T_Kelpie_icon_normal.png","https://palworld.gg/_ipx/q_80&s_60x60/images/full_palicon/T_Kelpie_icon_normal.png","water","0","common","2810"
"kelpsea-ignis","134","Kelpsea Ignis","マグピス","T_Kelpie_Fire_icon_normal.png","https://palworld.gg/_ipx/q_80&s_60x60/images/full_palicon/T_Kelpie_Fire_icon_normal.png","fire","0","common","2470"
"kikit","135","Kikit","コロマジロ","T_SmallArmadillo_icon_normal.png","https://palworld.gg/_ipx/q_80&s_60x60/images/full_palicon/T_SmallArmadillo_icon_normal.png","ground","0","common","2310"
"killamari","136","Killamari","ヤミイカ","T_NegativeOctopus_icon_normal.png","https://palworld.gg/_ipx/q_80&s_60x60/images/full_palicon/T_NegativeOctopus_icon_normal.png","dark|water","0","common","2770"
"killamari-primo","137","Killamari Primo","ユメイカ","T_NegativeOctopus_Neutral_icon_normal.png","https://palworld.gg/_ipx/q_80&s_60x60/images/full_palicon/T_NegativeOctopus_Neutral_icon_normal.png","neutral|water","0","common","2540"
"kingpaca","138","Kingpaca","アルパオー","T_KingAlpaca_icon_normal.png","https://palworld.gg/_ipx/q_80&s_60x60/images/full_palicon/T_KingAlpaca_icon_normal.png","neutral","0","epic","2220"
"kingpaca-cryst","139","Kingpaca Cryst","アオパオー","T_KingAlpaca_Ice_icon_normal.png","https://palworld.gg/_ipx/q_80&s_60x60/images/full_palicon/T_KingAlpaca_Ice_icon_normal.png","ice","0","epic","1530"
"kitsun","140","Kitsun","シラヌイ","T_AmaterasuWolf_icon_normal.png","https://palworld.gg/_ipx/q_80&s_60x60/images/full_palicon/T_AmaterasuWolf_icon_normal.png","fire","0","rare","1670"
"kitsun-noct","141","Kitsun Noct","カゲヌイ","T_AmaterasuWolf_Dark_icon_normal.png","https://palworld.gg/_ipx/q_80&s_60x60/images/full_palicon/T_AmaterasuWolf_Dark_icon_normal.png","dark","0","rare","800"
"knocklem","142","Knocklem","テラナイト","T_WingGolem_icon_normal.png","https://palworld.gg/_ipx/q_80&s_60x60/images/full_palicon/T_WingGolem_icon_normal.png","ground","0","epic","260"
"knocklem-ignis","143","Knocklem Ignis","マグナイト","T_WingGolem_Fire_icon_normal.png","https://palworld.gg/_ipx/q_80&s_60x60/images/full_palicon/T_WingGolem_Fire_icon_normal.png","fire","0","epic","210"
"lamball","144","Lamball","モコロン","T_SheepBall_icon_normal.png","https://palworld.gg/_ipx/q_80&s_60x60/images/full_palicon/T_SheepBall_icon_normal.png","neutral","0","common","3050"
"lapiron","145","Lapiron","バトラビー","T_BrownRabbit_icon_normal.png","https://palworld.gg/_ipx/q_80&s_60x60/images/full_palicon/T_BrownRabbit_icon_normal.png","ground","0","common","1680"
"lapure","146","Lapure","ネモフィ","T_SleeveRabbit_icon_normal.png","https://palworld.gg/_ipx/q_80&s_60x60/images/full_palicon/T_SleeveRabbit_icon_normal.png","neutral","0","common","810"
"leafan","147","Leafan","リーファン","T_PandaGirl_icon_normal.png","https://palworld.gg/_ipx/q_80&s_60x60/images/full_palicon/T_PandaGirl_icon_normal.png","grass","0","rare","1410"
"leezpunk","148","Leezpunk","ダリザード","T_LizardMan_icon_normal.png","https://palworld.gg/_ipx/q_80&s_60x60/images/full_palicon/T_LizardMan_icon_normal.png","dark","0","common","2670"
"leezpunk-ignis","149","Leezpunk Ignis","チリザード","T_LizardMan_Fire_icon_normal.png","https://palworld.gg/_ipx/q_80&s_60x60/images/full_palicon/T_LizardMan_Fire_icon_normal.png","fire","0","common","2640"
"lifmunk","150","Lifmunk","クルリス","T_Carbunclo_icon_normal.png","https://palworld.gg/_ipx/q_80&s_60x60/images/full_palicon/T_Carbunclo_icon_normal.png","grass","0","common","3020"
"loomen","151","Loomen","ヴィランタン","T_LanternButler_icon_normal.png","https://palworld.gg/_ipx/q_80&s_60x60/images/full_palicon/T_LanternButler_icon_normal.png","dark|fire","0","rare","890"
"loupmoon","152","Loupmoon","ツキカゲ","T_Werewolf_icon_normal.png","https://palworld.gg/_ipx/q_80&s_60x60/images/full_palicon/T_Werewolf_icon_normal.png","dark","0","common","2110"
"loupmoon-cryst","153","Loupmoon Cryst","ユキカゲ","T_Werewolf_Ice_icon_normal.png","https://palworld.gg/_ipx/q_80&s_60x60/images/full_palicon/T_Werewolf_Ice_icon_normal.png","ice","0","common","1290"
"lovander","154","Lovander","ラブマンダー","T_PinkLizard_icon_normal.png","https://palworld.gg/_ipx/q_80&s_60x60/images/full_palicon/T_PinkLizard_icon_normal.png","dark","0","rare","2090"
"lullu","155","Lullu","フワフラワ","T_LeafPrincess_icon_normal.png","https://palworld.gg/_ipx/q_80&s_60x60/images/full_palicon/T_LeafPrincess_icon_normal.png","grass","0","common","1990"
"lunaris","156","Lunaris","ミステリア","T_Mutant_icon_normal.png","https://palworld.gg/_ipx/q_80&s_60x60/images/full_palicon/T_Mutant_icon_normal.png","neutral","0","rare","2010"
"lyleen","157","Lyleen","リリクイン","T_LilyQueen_icon_normal.png","https://palworld.gg/_ipx/q_80&s_60x60/images/full_palicon/T_LilyQueen_icon_normal.png","grass","0","epic","240"
"lyleen-noct","158","Lyleen Noct","ルナクイン","T_LilyQueen_Dark_icon_normal.png","https://palworld.gg/_ipx/q_80&s_60x60/images/full_palicon/T_LilyQueen_Dark_icon_normal.png","dark","0","epic","220"
"majex","159","Majex","マジョルナ","T_DarkFlameFox_icon_normal.png","https://palworld.gg/_ipx/q_80&s_60x60/images/full_palicon/T_DarkFlameFox_icon_normal.png","dark|fire","0","rare","1010"
"mammorest","160","Mammorest","グランモス","T_GrassMammoth_icon_normal.png","https://palworld.gg/_ipx/q_80&s_60x60/images/full_palicon/T_GrassMammoth_icon_normal.png","grass|ground","0","epic","1340"
"mammorest-cryst","161","Mammorest Cryst","ブリザモス","T_GrassMammoth_Ice_icon_normal.png","https://palworld.gg/_ipx/q_80&s_60x60/images/full_palicon/T_GrassMammoth_Ice_icon_normal.png","ice|ground","0","epic","1070"
"maraith","162","Maraith","ソルレイス","T_GhostBeast_icon_normal.png","https://palworld.gg/_ipx/q_80&s_60x60/images/full_palicon/T_GhostBeast_icon_normal.png","dark","0","rare","1710"
"mau","163","Mau","ニャオテト","T_Bastet_icon_normal.png","https://palworld.gg/_ipx/q_80&s_60x60/images/full_palicon/T_Bastet_icon_normal.png","dark","0","common","3040"
"mau-cryst","164","Mau Cryst","チルテト","T_Bastet_Ice_icon_normal.png","https://palworld.gg/_ipx/q_80&s_60x60/images/full_palicon/T_Bastet_Ice_icon_normal.png","ice","0","common","2750"
"melpaca","165","Melpaca","メルパカ","T_Alpaca_icon_normal.png","https://palworld.gg/_ipx/q_80&s_60x60/images/full_palicon/T_Alpaca_icon_normal.png","neutral","0","common","2720"
"menasting","166","Menasting","デスティング","T_DarkScorpion_icon_normal.png","https://palworld.gg/_ipx/q_80&s_60x60/images/full_palicon/T_DarkScorpion_icon_normal.png","dark|ground","0","epic","1120"
"menasting-terra","167","Menasting Terra","ゴルディング","T_DarkScorpion_Ground_icon_normal.png","https://palworld.gg/_ipx/q_80&s_60x60/images/full_palicon/T_DarkScorpion_Ground_icon_normal.png","ground","0","epic","640"
"mimog","168","Mimog","ミミドッグ","T_MimicDog_icon_normal.png","https://palworld.gg/_ipx/q_80&s_60x60/images/full_palicon/T_MimicDog_icon_normal.png","neutral","0","rare","1740"
"moldron","169","Moldron","マグマンダー","T_VolcanoDragon_icon_normal.png","https://palworld.gg/_ipx/q_80&s_60x60/images/full_palicon/T_VolcanoDragon_icon_normal.png","fire|ground","0","rare","750"
"moldron-cryst","170","Moldron Cryst","ブリザンダー","T_VolcanoDragon_Ice_icon_normal.png","https://palworld.gg/_ipx/q_80&s_60x60/images/full_palicon/T_VolcanoDragon_Ice_icon_normal.png","ice|ground","0","epic","380"
"mossanda","171","Mossanda","ササゾー","T_GrassPanda_icon_normal.png","https://palworld.gg/_ipx/q_80&s_60x60/images/full_palicon/T_GrassPanda_icon_normal.png","grass","0","rare","2060"
"mossanda-lux","172","Mossanda Lux","ライゾー","T_GrassPanda_Electric_icon_normal.png","https://palworld.gg/_ipx/q_80&s_60x60/images/full_palicon/T_GrassPanda_Electric_icon_normal.png","electric","0","rare","1440"
"mozzarina","173","Mozzarina","ミルカルビ","T_CowPal_icon_normal.png","https://palworld.gg/_ipx/q_80&s_60x60/images/full_palicon/T_CowPal_icon_normal.png","neutral","0","common","2800"
"muffly","174","Muffly","モコチッチ","T_FluffyBird_icon_normal.png","https://palworld.gg/_ipx/q_80&s_60x60/images/full_palicon/T_FluffyBird_icon_normal.png","ice","0","common","2480"
"munchill","175","Munchill","コチワニ","T_IceCrocodile_icon_normal.png","https://palworld.gg/_ipx/q_80&s_60x60/images/full_palicon/T_IceCrocodile_icon_normal.png","ice|water","0","common","2130"
"mycora","176","Mycora","マシュリー","T_MushroomLady_icon_normal.png","https://palworld.gg/_ipx/q_80&s_60x60/images/full_palicon/T_MushroomLady_icon_normal.png","grass","0","rare","760"
"necromus","177","Necromus","ベイントール","T_BlackCentaur_icon_normal.png","https://palworld.gg/_ipx/q_80&s_60x60/images/full_palicon/T_BlackCentaur_icon_normal.png","dark","0","legendary","190"
"needoll","178","Needoll","ハグミー","T_CactusDoll_icon_normal.png","https://palworld.gg/_ipx/q_80&s_60x60/images/full_palicon/T_CactusDoll_icon_normal.png","grass","0","common","2420"
"needoll-noct","179","Needoll Noct","ハグユー","T_CactusDoll_Dark_icon_normal.png","https://palworld.gg/_ipx/q_80&s_60x60/images/full_palicon/T_CactusDoll_Dark_icon_normal.png","dark|grass","0","common","1580"
"neptilius","180","Neptilius","ネプティオス","T_PoseidonOrca_icon_normal.png","https://palworld.gg/_ipx/q_80&s_60x60/images/full_palicon/T_PoseidonOrca_icon_normal.png","water","0","legendary","160"
"nitemary","181","Nitemary","ナイトメアリ","T_GhostRabbit_icon_normal.png","https://palworld.gg/_ipx/q_80&s_60x60/images/full_palicon/T_GhostRabbit_icon_normal.png","dark","0","rare","1230"
"nitemary-botan","182","Nitemary Botan","グラスメアリ","T_GhostRabbit_Grass_icon_normal.png","https://palworld.gg/_ipx/q_80&s_60x60/images/full_palicon/T_GhostRabbit_Grass_icon_normal.png","grass","0","rare","1320"
"nitewing","183","Nitewing","ホークウィン","T_HawkBird_icon_normal.png","https://palworld.gg/_ipx/q_80&s_60x60/images/full_palicon/T_HawkBird_icon_normal.png","neutral","0","common","2560"
"nox","184","Nox","ルナティ","T_NightFox_icon_normal.png","https://palworld.gg/_ipx/q_80&s_60x60/images/full_palicon/T_NightFox_icon_normal.png","dark","0","rare","2920"
"nyafia","185","Nyafia","ニャニミテ","T_BadCatgirl_icon_normal.png","https://palworld.gg/_ipx/q_80&s_60x60/images/full_palicon/T_BadCatgirl_icon_normal.png","dark","0","common","1250"
"omascul","186","Omascul","オーメン","T_MysteryMask_icon_normal.png","https://palworld.gg/_ipx/q_80&s_60x60/images/full_palicon/T_MysteryMask_icon_normal.png","dark","0","common","1140"
"ophydia","187","Ophydia","ハナミズチ","T_LotusDragon_icon_normal.png","https://palworld.gg/_ipx/q_80&s_60x60/images/full_palicon/T_LotusDragon_icon_normal.png","grass|water","0","epic","230"
"orserk","188","Orserk","ボルゼクス","T_ThunderDragonMan_icon_normal.png","https://palworld.gg/_ipx/q_80&s_60x60/images/full_palicon/T_ThunderDragonMan_icon_normal.png","dragon|electric","0","epic","120"
"paladius","189","Paladius","セイントール","T_SaintCentaur_icon_normal.png","https://palworld.gg/_ipx/q_80&s_60x60/images/full_palicon/T_SaintCentaur_icon_normal.png","neutral","0","legendary","180"
"palumba","190","Palumba","ココヤンバ","T_TropicalOstrich_icon_normal.png","https://palworld.gg/_ipx/q_80&s_60x60/images/full_palicon/T_TropicalOstrich_icon_normal.png","grass","0","rare","1240"
"pengullet","191","Pengullet","ペンタマ","T_Penguin_icon_normal.png","https://palworld.gg/_ipx/q_80&s_60x60/images/full_palicon/T_Penguin_icon_normal.png","water|ice","0","common","2960"
"pengullet-lux","192","Pengullet Lux","デンタマ","T_Penguin_Electric_icon_normal.png","https://palworld.gg/_ipx/q_80&s_60x60/images/full_palicon/T_Penguin_Electric_icon_normal.png","water|electric","0","common","2490"
"penking","193","Penking","キャプペン","T_CaptainPenguin_icon_normal.png","https://palworld.gg/_ipx/q_80&s_60x60/images/full_palicon/T_CaptainPenguin_icon_normal.png","water|ice","0","rare","2070"
"penking-lux","194","Penking Lux","ペンキッド","T_CaptainPenguin_Black_icon_normal.png","https://palworld.gg/_ipx/q_80&s_60x60/images/full_palicon/T_CaptainPenguin_Black_icon_normal.png","water|electric","0","rare","1850"
"petallia","195","Petallia","フラリーナ","T_FlowerDoll_icon_normal.png","https://palworld.gg/_ipx/q_80&s_60x60/images/full_palicon/T_FlowerDoll_icon_normal.png","grass","0","epic","1720"
"petallia-ignis","196","Petallia Ignis","チェリーナ","T_FlowerDoll_Fire_icon_normal.png","https://palworld.gg/_ipx/q_80&s_60x60/images/full_palicon/T_FlowerDoll_Fire_icon_normal.png","grass|fire","0","epic","820"
"pierdon","197","Pierdon","ジオルドン","T_RockBeast_icon_normal.png","https://palworld.gg/_ipx/q_80&s_60x60/images/full_palicon/T_RockBeast_icon_normal.png","ground","0","rare","1110"
"pierdon-cryst","198","Pierdon Cryst","フロスドン","T_RockBeast_Ice_icon_normal.png","https://palworld.gg/_ipx/q_80&s_60x60/images/full_palicon/T_RockBeast_Ice_icon_normal.png","ice","0","rare","460"
"polapup","199","Polapup","バニザラシ","T_IceSeal_icon_normal.png","https://palworld.gg/_ipx/q_80&s_60x60/images/full_palicon/T_IceSeal_icon_normal.png","ice|water","0","rare","1660"
"polapup-terra","200","Polapup Terra","チョコザラシ","T_IceSeal_Ground_icon_normal.png","https://palworld.gg/_ipx/q_80&s_60x60/images/full_palicon/T_IceSeal_Ground_icon_normal.png","ice|ground","0","rare","1100"
"prixter","201","Prixter","ブッサソリ","T_ScorpionMan_icon_normal.png","https://palworld.gg/_ipx/q_80&s_60x60/images/full_palicon/T_ScorpionMan_icon_normal.png","dark|ground","0","rare","1510"
"prixter-lux","202","Prixter Lux","ブッサンダー","T_ScorpionMan_Electric_icon_normal.png","https://palworld.gg/_ipx/q_80&s_60x60/images/full_palicon/T_ScorpionMan_Electric_icon_normal.png","electric|ground","0","rare","850"
"prunelia","203","Prunelia","プラムルリム","T_BlueberryFairy_icon_normal.png","https://palworld.gg/_ipx/q_80&s_60x60/images/full_palicon/T_BlueberryFairy_icon_normal.png","grass|dark","0","rare","1390"
"puffolt","204","Puffolt","パチマル","T_ElecPomeranian_icon_normal.png","https://palworld.gg/_ipx/q_80&s_60x60/images/full_palicon/T_ElecPomeranian_icon_normal.png","electric","0","common","2360"
"pupperai","205","Pupperai","ポチムネ","T_SamuraiDog_icon_normal.png","https://palworld.gg/_ipx/q_80&s_60x60/images/full_palicon/T_SamuraiDog_icon_normal.png","ground","0","common","2930"
"purple-slime","206","Purple Slime","パープルスライム","T_YakushimaMonster001_Purple_icon_normal.png","https://palworld.gg/_ipx/q_80&s_60x60/images/full_palicon/T_YakushimaMonster001_Purple_icon_normal.png","dark","0","common","3100"
"pyrin","207","Pyrin","サラブレイズ","T_FireKirin_icon_normal.png","https://palworld.gg/_ipx/q_80&s_60x60/images/full_palicon/T_FireKirin_icon_normal.png","fire","0","rare","1980"
"pyrin-noct","208","Pyrin Noct","サラブラック","T_FireKirin_Dark_icon_normal.png","https://palworld.gg/_ipx/q_80&s_60x60/images/full_palicon/T_FireKirin_Dark_icon_normal.png","fire|dark","0","rare","1870"
"quivern","209","Quivern","フェスキー","T_SkyDragon_icon_normal.png","https://palworld.gg/_ipx/q_80&s_60x60/images/full_palicon/T_SkyDragon_icon_normal.png","dragon","0","rare","1210"
"quivern-botan","210","Quivern Botan","フォレスキー","T_SkyDragon_Grass_icon_normal.png","https://palworld.gg/_ipx/q_80&s_60x60/images/full_palicon/T_SkyDragon_Grass_icon_normal.png","dragon|grass","0","epic","1300"
"ragnahawk","211","Ragnahawk","イグニクス","T_RedArmorBird_icon_normal.png","https://palworld.gg/_ipx/q_80&s_60x60/images/full_palicon/T_RedArmorBird_icon_normal.png","fire","0","rare","1050"
"rainbow-slime","212","Rainbow Slime","レインボースライム","T_YakushimaMonster001_Rainbow_icon_normal.png","https://palworld.gg/_ipx/q_80&s_60x60/images/full_palicon/T_YakushimaMonster001_Rainbow_icon_normal.png","neutral","0","common","3100"
"rayhound","213","Rayhound","イヌズマ","T_ThunderDog_icon_normal.png","https://palworld.gg/_ipx/q_80&s_60x60/images/full_palicon/T_ThunderDog_icon_normal.png","electric","0","rare","1920"
"rayhound-cryst","214","Rayhound Cryst","フリーズマ","T_ThunderDog_Ice_icon_normal.png","https://palworld.gg/_ipx/q_80&s_60x60/images/full_palicon/T_ThunderDog_Ice_icon_normal.png","ice","0","rare","1600"
"red-slime","215","Red Slime","レッドスライム","T_YakushimaMonster001_Red_icon_normal.png","https://palworld.gg/_ipx/q_80&s_60x60/images/full_palicon/T_YakushimaMonster001_Red_icon_normal.png","fire","0","common","3100"
"reindrix","216","Reindrix","ツララジカ","T_IceDeer_icon_normal.png","https://palworld.gg/_ipx/q_80&s_60x60/images/full_palicon/T_IceDeer_icon_normal.png","ice","0","common","1930"
"relaxaurus","217","Relaxaurus","ペコドン","T_LazyDragon_icon_normal.png","https://palworld.gg/_ipx/q_80&s_60x60/images/full_palicon/T_LazyDragon_icon_normal.png","dragon|water","0","epic","1090"
"relaxaurus-lux","218","Relaxaurus Lux","パリピドン","T_LazyDragon_Electric_icon_normal.png","https://palworld.gg/_ipx/q_80&s_60x60/images/full_palicon/T_LazyDragon_Electric_icon_normal.png","dragon|electric","0","epic","770"
"renjishi","219","Renjishi","ゴウカブキ","T_KabukiMan_icon_normal.png","https://palworld.gg/_ipx/q_80&s_60x60/images/full_palicon/T_KabukiMan_icon_normal.png","fire","0","rare","290"
"reptyro","220","Reptyro","ボルカノン","T_VolcanicMonster_icon_normal.png","https://palworld.gg/_ipx/q_80&s_60x60/images/full_palicon/T_VolcanicMonster_icon_normal.png","fire|ground","0","rare","1060"
"reptyro-cryst","221","Reptyro Cryst","フロスカノン","T_VolcanicMonster_Ice_icon_normal.png","https://palworld.gg/_ipx/q_80&s_60x60/images/full_palicon/T_VolcanicMonster_Ice_icon_normal.png","ice|ground","0","rare","600"
"ribbuny","222","Ribbuny","ヒメウサ","T_PinkRabbit_icon_normal.png","https://palworld.gg/_ipx/q_80&s_60x60/images/full_palicon/T_PinkRabbit_icon_normal.png","neutral","0","common","2860"
"ribbuny-botan","223","Ribbuny Botan","ヨモギウサ","T_PinkRabbit_Grass_icon_normal.png","https://palworld.gg/_ipx/q_80&s_60x60/images/full_palicon/T_PinkRabbit_Grass_icon_normal.png","grass","0","common","2460"
"robinquill","224","Robinquill","フェザーロ","T_RobinHood_icon_normal.png","https://palworld.gg/_ipx/q_80&s_60x60/images/full_palicon/T_RobinHood_icon_normal.png","grass","0","rare","2260"
"robinquill-terra","225","Robinquill Terra","サンドロ","T_RobinHood_Ground_icon_normal.png","https://palworld.gg/_ipx/q_80&s_60x60/images/full_palicon/T_RobinHood_Ground_icon_normal.png","grass|ground","0","rare","2050"
"rooby","226","Rooby","ヒノコジカ","T_FlameBambi_icon_normal.png","https://palworld.gg/_ipx/q_80&s_60x60/images/full_palicon/T_FlameBambi_icon_normal.png","fire","0","common","2870"
"roujay","227","Roujay","アルセーヴ","T_ThiefBird_icon_normal.png","https://palworld.gg/_ipx/q_80&s_60x60/images/full_palicon/T_ThiefBird_icon_normal.png","dark","0","rare","530"
"rushoar","228","Rushoar","イノボウ","T_Boar_icon_normal.png","https://palworld.gg/_ipx/q_80&s_60x60/images/full_palicon/T_Boar_icon_normal.png","ground","0","common","2880"
"sekhmet","229","Sekhmet","セクメト","T_Sekhmet_icon_normal.png","https://palworld.gg/_ipx/q_80&s_60x60/images/full_palicon/T_Sekhmet_icon_normal.png","ground","0","rare","870"
"selyne","230","Selyne","セレムーン","T_MoonQueen_icon_normal.png","https://palworld.gg/_ipx/q_80&s_60x60/images/full_palicon/T_MoonQueen_icon_normal.png","dark|neutral","0","epic","360"
"shadowbeak","231","Shadowbeak","ゼノグリフ","T_BlackGriffon_icon_normal.png","https://palworld.gg/_ipx/q_80&s_60x60/images/full_palicon/T_BlackGriffon_icon_normal.png","dark","0","epic","550"
"shaolong","232","Shaolong","シャオロン","T_BlueSkyDragon_icon_normal.png","https://palworld.gg/_ipx/q_80&s_60x60/images/full_palicon/T_BlueSkyDragon_icon_normal.png","dragon|water","0","epic","40"
"shroomer","233","Shroomer","キノッポ","T_MushroomDragon_icon_normal.png","https://palworld.gg/_ipx/q_80&s_60x60/images/full_palicon/T_MushroomDragon_icon_normal.png","grass","0","common","1520"
"shroomer-noct","234","Shroomer Noct","ベノッポ","T_MushroomDragon_Dark_icon_normal.png","https://palworld.gg/_ipx/q_80&s_60x60/images/full_palicon/T_MushroomDragon_Dark_icon_normal.png","grass|dark","0","rare","1450"
"sibelyx","235","Sibelyx","シルキーヌ","T_WhiteMoth_icon_normal.png","https://palworld.gg/_ipx/q_80&s_60x60/images/full_palicon/T_WhiteMoth_icon_normal.png","ice","0","rare","1810"
"sibelyx-primo","236","Sibelyx Primo","ソワレーヌ","T_WhiteMoth_Neutral_icon_normal.png","https://palworld.gg/_ipx/q_80&s_60x60/images/full_palicon/T_WhiteMoth_Neutral_icon_normal.png","neutral","0","epic","650"
"silvance","237","Silvance","モスローン","T_Mothman_icon_normal.png","https://palworld.gg/_ipx/q_80&s_60x60/images/full_palicon/T_Mothman_icon_normal.png","grass","0","epic","80"
"silvegis","238","Silvegis","アイギルガ","T_WhiteShieldDragon_icon_normal.png","https://palworld.gg/_ipx/q_80&s_60x60/images/full_palicon/T_WhiteShieldDragon_icon_normal.png","dragon","0","epic","560"
"skutlass","239","Skutlass","オオタチウオ","T_SwordCutlassfish_icon_normal.png","https://palworld.gg/_ipx/q_80&s_60x60/images/full_palicon/T_SwordCutlassfish_icon_normal.png","water","0","rare","1420"
"skutlass-ignis","240","Skutlass Ignis","ヒノタチウオ","T_SwordCutlassfish_Fire_icon_normal.png","https://palworld.gg/_ipx/q_80&s_60x60/images/full_palicon/T_SwordCutlassfish_Fire_icon_normal.png","water|fire","0","rare","1590"
"slowatt","241","Slowatt","ノンビリリ","T_ElecLizard_icon_normal.png","https://palworld.gg/_ipx/q_80&s_60x60/images/full_palicon/T_ElecLizard_icon_normal.png","electric","0","common","1750"
"smokie","242","Smokie","クロマル","T_BlackPuppy_icon_normal.png","https://palworld.gg/_ipx/q_80&s_60x60/images/full_palicon/T_BlackPuppy_icon_normal.png","dark","0","common","1760"
"smokie-cryst","243","Smokie Cryst","フユマル","T_BlackPuppy_Ice_icon_normal.png","https://palworld.gg/_ipx/q_80&s_60x60/images/full_palicon/T_BlackPuppy_Ice_icon_normal.png","dark|ice","0","common","1610"
"snock","244","Snock","デンツム","T_ElecSnail_icon_normal.png","https://palworld.gg/_ipx/q_80&s_60x60/images/full_palicon/T_ElecSnail_icon_normal.png","electric","0","common","1780"
"snock-lux","245","Snock Lux","ドンツム","T_ElecSnail_Ground_icon_normal.png","https://palworld.gg/_ipx/q_80&s_60x60/images/full_palicon/T_ElecSnail_Ground_icon_normal.png","electric|ground","0","common","1500"
"snugloo","246","Snugloo","ユキボウ","T_SmallYeti_icon_normal.png","https://palworld.gg/_ipx/q_80&s_60x60/images/full_palicon/T_SmallYeti_icon_normal.png","ice","0","common","2390"
"solenne","247","Solenne","モノクローナ","T_MonochromeQueen_icon_normal.png","https://palworld.gg/_ipx/q_80&s_60x60/images/full_palicon/T_MonochromeQueen_icon_normal.png","dark|neutral","0","rare","280"
"solmora","248","Solmora","オーマンボ","T_KingSunfish_icon_normal.png","https://palworld.gg/_ipx/q_80&s_60x60/images/full_palicon/T_KingSunfish_icon_normal.png","water","0","common","1370"
"solmora-lux","249","Solmora Lux","トノサマンボ","T_KingSunfish_Thunder_icon_normal.png","https://palworld.gg/_ipx/q_80&s_60x60/images/full_palicon/T_KingSunfish_Thunder_icon_normal.png","water|electric","0","rare","1000"
"sootseer","250","Sootseer","オドロクロ","T_CandleGhost_icon_normal.png","https://palworld.gg/_ipx/q_80&s_60x60/images/full_palicon/T_CandleGhost_icon_normal.png","dark|fire","0","rare","980"
"souffline","251","Souffline","ポポフィア","T_DandelionGirl_icon_normal.png","https://palworld.gg/_ipx/q_80&s_60x60/images/full_palicon/T_DandelionGirl_icon_normal.png","grass","0","common","2000"
"sparkit","252","Sparkit","ボルトラ","T_ElecCat_icon_normal.png","https://palworld.gg/_ipx/q_80&s_60x60/images/full_palicon/T_ElecCat_icon_normal.png","electric","0","common","3010"
"splatterina","253","Splatterina","ヤンデリナ","T_GrimGirl_icon_normal.png","https://palworld.gg/_ipx/q_80&s_60x60/images/full_palicon/T_GrimGirl_icon_normal.png","dark","0","common","780"
"starryon","254","Starryon","ナイトロット","T_NightBlueHorse_icon_normal.png","https://palworld.gg/_ipx/q_80&s_60x60/images/full_palicon/T_NightBlueHorse_icon_normal.png","dark","0","rare","1150"
"starryon-primo","255","Starryon Primo","ライトロット","T_NightBlueHorse_Neutral_icon_normal.png","https://palworld.gg/_ipx/q_80&s_60x60/images/full_palicon/T_NightBlueHorse_Neutral_icon_normal.png","neutral","0","epic","430"
"surfent","256","Surfent","シーペント","T_Serpent_icon_normal.png","https://palworld.gg/_ipx/q_80&s_60x60/images/full_palicon/T_Serpent_icon_normal.png","water","0","common","2440"
"surfent-terra","257","Surfent Terra","スナペント","T_Serpent_Ground_icon_normal.png","https://palworld.gg/_ipx/q_80&s_60x60/images/full_palicon/T_Serpent_Ground_icon_normal.png","ground","0","rare","1840"
"suzaku","258","Suzaku","スザク","T_Suzaku_icon_normal.png","https://palworld.gg/_ipx/q_80&s_60x60/images/full_palicon/T_Suzaku_icon_normal.png","fire","0","epic","1200"
"suzaku-aqua","259","Suzaku Aqua","シヴァ","T_Suzaku_Water_icon_normal.png","https://palworld.gg/_ipx/q_80&s_60x60/images/full_palicon/T_Suzaku_Water_icon_normal.png","water","0","epic","740"
"swee","260","Swee","コモップ","T_MopBaby_icon_normal.png","https://palworld.gg/_ipx/q_80&s_60x60/images/full_palicon/T_MopBaby_icon_normal.png","ice","0","common","2840"
"sweepa","261","Sweepa","ドンモップ","T_MopKing_icon_normal.png","https://palworld.gg/_ipx/q_80&s_60x60/images/full_palicon/T_MopKing_icon_normal.png","ice","0","rare","2150"
"tanzee","262","Tanzee","エテッパ","T_Monkey_icon_normal.png","https://palworld.gg/_ipx/q_80&s_60x60/images/full_palicon/T_Monkey_icon_normal.png","grass","0","common","2900"
"tanzee-ignis","263","Tanzee Ignis","カレッパ","T_Monkey_Fire_icon_normal.png","https://palworld.gg/_ipx/q_80&s_60x60/images/full_palicon/T_Monkey_Fire_icon_normal.png","fire","0","common","2830"
"tarantriss","264","Tarantriss","モモンチュラ","T_PurpleSpider_icon_normal.png","https://palworld.gg/_ipx/q_80&s_60x60/images/full_palicon/T_PurpleSpider_icon_normal.png","dark","0","common","1730"
"teafant","265","Teafant","チョロゾウ","T_Ganesha_icon_normal.png","https://palworld.gg/_ipx/q_80&s_60x60/images/full_palicon/T_Ganesha_icon_normal.png","water","0","common","3070"
"tetroise","266","Tetroise","オモシガメ","T_CubeTurtle_icon_normal.png","https://palworld.gg/_ipx/q_80&s_60x60/images/full_palicon/T_CubeTurtle_icon_normal.png","ground","0","epic","790"
"tetroise-primo","267","Tetroise Primo","オシロガメ","T_CubeTurtle_Neutral_icon_normal.png","https://palworld.gg/_ipx/q_80&s_60x60/images/full_palicon/T_CubeTurtle_Neutral_icon_normal.png","neutral","0","epic","200"
"tocotoco","268","Tocotoco","クルットリ","T_ColorfulBird_icon_normal.png","https://palworld.gg/_ipx/q_80&s_60x60/images/full_palicon/T_ColorfulBird_icon_normal.png","neutral","0","common","2730"
"tombat","269","Tombat","ニャンバット","T_CatBat_icon_normal.png","https://palworld.gg/_ipx/q_80&s_60x60/images/full_palicon/T_CatBat_icon_normal.png","dark","0","rare","2340"
"tropicaw","270","Tropicaw","フラペック","T_RedFlowerBird_icon_normal.png","https://palworld.gg/_ipx/q_80&s_60x60/images/full_palicon/T_RedFlowerBird_icon_normal.png","grass","0","rare","1350"
"turtacle","271","Turtacle","ヘルメッコ","T_TentacleTurtle_icon_normal.png","https://palworld.gg/_ipx/q_80&s_60x60/images/full_palicon/T_TentacleTurtle_icon_normal.png","water","0","common","2410"
"turtacle-terra","272","Turtacle Terra","ゴルメッコ","T_TentacleTurtle_Ground_icon_normal.png","https://palworld.gg/_ipx/q_80&s_60x60/images/full_palicon/T_TentacleTurtle_Ground_icon_normal.png","water|ground","0","common","1330"
"univolt","273","Univolt","ライコーン","T_Kirin_icon_normal.png","https://palworld.gg/_ipx/q_80&s_60x60/images/full_palicon/T_Kirin_icon_normal.png","electric","0","rare","2270"
"univolt-cryst","274","Univolt Cryst","レイコーン","T_Kirin_Ice_icon_normal.png","https://palworld.gg/_ipx/q_80&s_60x60/images/full_palicon/T_Kirin_Ice_icon_normal.png","ice","0","rare","540"
"vaelet","275","Vaelet","ヴィオレッタ","T_VioletFairy_icon_normal.png","https://palworld.gg/_ipx/q_80&s_60x60/images/full_palicon/T_VioletFairy_icon_normal.png","grass","0","epic","1480"
"valentail","276","Valentail","ニャルル","T_LongCat_icon_normal.png","https://palworld.gg/_ipx/q_80&s_60x60/images/full_palicon/T_LongCat_icon_normal.png","neutral","0","common","1900"
"vanwyrm","277","Vanwyrm","カバネドリ","T_BirdDragon_icon_normal.png","https://palworld.gg/_ipx/q_80&s_60x60/images/full_palicon/T_BirdDragon_icon_normal.png","fire|dark","0","rare","1650"
"vanwyrm-cryst","278","Vanwyrm Cryst","シロカバネ","T_BirdDragon_Ice_icon_normal.png","https://palworld.gg/_ipx/q_80&s_60x60/images/full_palicon/T_BirdDragon_Ice_icon_normal.png","ice|dark","0","rare","1430"
"venusa","279","Venusa","メドゥーナ","T_SnakeGirl_icon_normal.png","https://palworld.gg/_ipx/q_80&s_60x60/images/full_palicon/T_SnakeGirl_icon_normal.png","dark","0","rare","970"
"verdash","280","Verdash","ラベロット","T_GrassRabbitMan_icon_normal.png","https://palworld.gg/_ipx/q_80&s_60x60/images/full_palicon/T_GrassRabbitMan_icon_normal.png","grass","0","epic","1160"
"vixy","281","Vixy","タマモ","T_CuteFox_icon_normal.png","https://palworld.gg/_ipx/q_80&s_60x60/images/full_palicon/T_CuteFox_icon_normal.png","neutral","0","common","3060"
"warsect","282","Warsect","グラクレス","T_HerculesBeetle_icon_normal.png","https://palworld.gg/_ipx/q_80&s_60x60/images/full_palicon/T_HerculesBeetle_icon_normal.png","ground|grass","0","epic","1280"
"warsect-terra","283","Warsect Terra","ゴルクレス","T_HerculesBeetle_Ground_icon_normal.png","https://palworld.gg/_ipx/q_80&s_60x60/images/full_palicon/T_HerculesBeetle_Ground_icon_normal.png","ground","0","epic","630"
"whalaska","284","Whalaska","コゴエール","T_IceNarwhal_icon_normal.png","https://palworld.gg/_ipx/q_80&s_60x60/images/full_palicon/T_IceNarwhal_icon_normal.png","ice|water","0","epic","710"
"whalaska-ignis","285","Whalaska Ignis","モモエール","T_IceNarwhal_Fire_icon_normal.png","https://palworld.gg/_ipx/q_80&s_60x60/images/full_palicon/T_IceNarwhal_Fire_icon_normal.png","ice|fire","0","epic","370"
"wispaw","286","Wispaw","ニャンシー","T_GhostBlackCat_icon_normal.png","https://palworld.gg/_ipx/q_80&s_60x60/images/full_palicon/T_GhostBlackCat_icon_normal.png","dark","0","rare","2250"
"wistella","287","Wistella","ホシノコ","T_MoonChild_icon_normal.png","https://palworld.gg/_ipx/q_80&s_60x60/images/full_palicon/T_MoonChild_icon_normal.png","dark","0","common","1180"
"wixen","288","Wixen","フォレーナ","T_FoxMage_icon_normal.png","https://palworld.gg/_ipx/q_80&s_60x60/images/full_palicon/T_FoxMage_icon_normal.png","fire","0","rare","2080"
"wixen-noct","289","Wixen Noct","フォレーオ","T_FoxMage_Dark_icon_normal.png","https://palworld.gg/_ipx/q_80&s_60x60/images/full_palicon/T_FoxMage_Dark_icon_normal.png","fire|dark","0","rare","1490"
"woolipop","290","Woolipop","メリポップ","T_SweetsSheep_icon_normal.png","https://palworld.gg/_ipx/q_80&s_60x60/images/full_palicon/T_SweetsSheep_icon_normal.png","neutral","0","common","2820"
"woolipop-terra","291","Woolipop Terra","メリコロネ","T_SweetsSheep_Ground_icon_normal.png","https://palworld.gg/_ipx/q_80&s_60x60/images/full_palicon/T_SweetsSheep_Ground_icon_normal.png","ground","0","common","2030"
"wumpo","292","Wumpo","ヒエティ","T_Yeti_icon_normal.png","https://palworld.gg/_ipx/q_80&s_60x60/images/full_palicon/T_Yeti_icon_normal.png","ice","0","rare","830"
"wumpo-botan","293","Wumpo Botan","トロピティ","T_Yeti_Grass_icon_normal.png","https://palworld.gg/_ipx/q_80&s_60x60/images/full_palicon/T_Yeti_Grass_icon_normal.png","grass","0","epic","610"
"xenogard","294","Xenogard","ゼノルーダ","T_WhiteAlienDragon_icon_normal.png","https://palworld.gg/_ipx/q_80&s_60x60/images/full_palicon/T_WhiteAlienDragon_icon_normal.png","dragon","0","epic","990"
"xenolord","295","Xenolord","ゼノドラン","T_DarkMechaDragon_icon_normal.png","https://palworld.gg/_ipx/q_80&s_60x60/images/full_palicon/T_DarkMechaDragon_icon_normal.png","dark|dragon","0","epic","400"
"xenovader","296","Xenovader","ゼノベーダ","T_DarkAlien_icon_normal.png","https://palworld.gg/_ipx/q_80&s_60x60/images/full_palicon/T_DarkAlien_icon_normal.png","dark","0","rare","1820"
"yakumo","297","Yakumo","ヤクモマル","T_GuardianDog_icon_normal.png","https://palworld.gg/_ipx/q_80&s_60x60/images/full_palicon/T_GuardianDog_icon_normal.png","neutral","0","common","2230"
